region,apt_size,ym201208,ym201209,ym201210,ym201211,ym201212,ym201301,ym201302,ym201303,ym201304,ym201305,ym201306,ym201307,ym201308,ym201309,ym201310,ym201311,ym201312,ym201401,ym201402,ym201403,ym201404,ym201405,ym201406,ym201407,ym201408,ym201409,ym201410,ym201411,ym201412,ym201501,ym201502,ym201503,ym201504,ym201505,ym201506,ym201507,ym201508,ym201509,ym201510,ym201511,ym201512,ym201601,ym201602,ym201603,ym201604,ym201605,ym201606,ym201607,ym201608,ym201609,ym201610,ym201611,ym201612,ym201701,ym201702,ym201703,ym201704,ym201705,ym201706,ym201707,ym201708,ym201709,ym201710,ym201711,ym201712,ym201801,ym201802,ym201803,ym201804,ym201805,ym201806,ym201807,ym201808,ym201809,ym201810,ym201811,ym201812,ym201901,ym201902,ym201903,ym201904,ym201905,ym201906,ym201907,ym201908,ym201909,ym201910,ym201911,ym201912,ym202001,ym202002,ym202003,ym202004,ym202005,ym202006,ym202007
강원도,under_50,229,239,357,439,481,231,268,1120,475,375,601,250,306,282,330,461,531,316,313,539,594,440,451,663,601,381,428,325,324,374,390,480,471,410,421,441,423,442,498,369,410,349,326,442,418,429,430,384,404,332,414,725,320,294,393,460,521,382,455,336,334,313,264,327,256,283,248,343,280,245,216,245,216,205,274,202,196,223,226,225,196,189,190,230,208,218,237,217,240,224,351,292,278,358,383,336
강원도,50_60,296,470,540,466,392,371,467,569,544,508,479,360,409,453,559,491,499,469,496,604,523,433,395,1069,485,557,618,447,371,539,542,788,652,513,584,601,531,532,677,523,489,465,466,647,597,504,552,506,580,474,547,470,357,359,488,501,455,459,547,448,409,381,314,395,336,321,314,457,350,328,300,305,447,316,421,277,268,302,308,381,372,338,301,369,339,423,415,483,469,441,603,526,599,672,735,563
강원도,60_85,318,362,452,455,476,325,395,561,515,477,488,359,404,461,586,459,447,462,491,618,529,407,442,501,489,670,591,450,666,644,593,824,774,599,604,616,557,639,679,794,545,555,516,704,661,623,664,646,568,593,676,707,413,375,513,568,435,460,503,460,435,479,732,531,323,394,306,475,342,355,866,301,308,330,394,322,319,341,331,413,432,445,423,483,418,468,587,555,924,649,756,630,630,790,1007,682
강원도,85_100,7,14,23,11,20,9,15,13,20,20,12,15,20,15,25,14,16,18,20,23,17,18,14,18,17,21,25,15,12,20,24,32,24,19,17,22,24,20,29,21,26,23,13,33,26,25,28,17,18,24,20,22,13,19,29,23,16,20,18,17,12,10,14,10,10,10,18,23,18,11,6,9,9,6,11,4,10,10,10,10,9,9,5,17,14,22,10,19,19,18,24,22,16,18,30,32
강원도,100_135,63,79,100,112,78,66,63,91,79,94,77,49,64,76,92,71,72,93,71,91,95,64,76,92,79,82,96,76,77,113,99,147,128,101,130,132,118,110,154,114,97,121,94,124,113,94,89,144,118,104,122,94,65,66,83,79,86,67,83,91,74,97,78,70,63,66,52,84,58,45,55,49,45,144,65,37,42,40,38,53,55,37,44,47,47,51,81,84,83,90,109,86,79,115,122,103
강원도,135_over,20,27,23,30,51,21,19,29,27,18,54,26,32,28,33,28,11,30,25,8,15,14,24,17,21,30,23,10,22,18,19,30,31,26,21,31,30,33,39,34,37,29,24,34,27,30,34,35,25,26,34,23,22,10,27,21,24,20,22,23,17,21,15,18,14,15,12,19,18,18,14,14,17,15,16,14,7,7,16,21,24,12,7,14,17,15,13,19,16,17,25,23,23,29,35,29
경기도,under_50,780,1054,1300,1092,1057,912,1079,1570,1794,1715,1540,915,1485,1696,1777,1332,1627,1785,2242,2128,1575,1517,1491,1787,2287,2709,2383,1553,1591,2311,2173,3307,2630,2437,2293,2251,1966,2034,2299,1612,1191,1400,1426,2139,2171,2162,2732,2484,2127,2033,2300,1395,1103,947,1517,1980,1953,2234,2377,2249,1539,1547,1246,1305,1179,1566,1359,1773,1081,1172,1235,1354,2428,2270,1449,999,860,877,739,1113,1079,1173,1213,1249,1063,1315,1819,2052,2059,1931,3540,1959,1720,2064,3508,1630
경기도,50_60,1686,2378,2900,2453,1913,1959,2353,3681,3968,3634,3239,2447,3955,4422,4581,2935,3456,3671,4572,4688,3190,2913,2963,3476,4667,4965,4460,3388,3078,4701,4108,6656,5328,4586,4610,4552,3885,4015,4557,2968,2267,2586,2616,4058,4079,4171,4865,4888,4724,4340,5076,2951,2297,2004,2911,3872,3619,4649,4890,4522,3140,3269,2660,2626,2473,3402,3112,3696,2473,2669,2652,2850,4914,4704,3430,2149,1868,1779,1550,2221,2133,2253,2578,2872,2703,2875,4436,4883,5016,5437,8188,4224,3340,4320,8775,4471
경기도,60_85,2355,3321,4734,4084,3493,3204,3841,5638,6315,5605,4861,3380,5331,7373,7807,4791,5626,5987,6911,7047,5074,4634,4660,5284,7552,7986,7494,5632,5343,7504,7123,11108,8777,7481,7537,7497,6373,6667,7779,5225,3880,3936,3787,5841,6188,6380,7494,7586,7712,8064,9186,5075,3828,2917,4291,5629,5135,6930,7872,7895,5524,5836,4714,4698,4409,5968,5601,7074,4326,4407,4597,4675,8405,9276,6056,3549,3094,3086,2632,3572,3409,3887,4295,5414,5041,5462,8376,9617,9927,9873,14652,7713,5812,7719,16360,7868
경기도,85_100,84,138,166,132,118,119,125,175,217,201,186,100,166,361,327,224,192,277,288,278,208,190,189,217,335,326,300,250,221,315,305,548,397,324,305,260,280,280,347,249,145,182,132,245,259,220,299,300,328,336,412,203,165,164,163,200,198,320,308,287,204,231,191,205,204,247,263,296,196,164,164,227,447,405,283,144,115,123,97,136,135,171,205,264,246,302,454,514,506,480,720,327,213,331,748,357
경기도,100_135,566,937,1253,1130,1215,763,1000,1470,1738,1621,1525,1010,1275,2053,2282,1438,1845,1818,1976,2086,1587,1628,1468,1547,2147,2295,2084,1473,1448,1951,1915,3032,2623,2302,2291,2254,1834,2035,2296,1595,1234,1090,981,1566,1626,1739,2124,2227,2311,2431,2889,1581,1253,904,1199,1510,1459,2090,2459,2509,1591,1852,1520,1682,1563,2087,1900,2365,1324,1286,1412,1355,2854,2799,1892,1069,915,794,670,868,945,1073,1177,1480,1372,1585,2468,3024,2853,2459,3749,1717,1347,2015,4286,2106
경기도,135_over,160,255,292,287,249,158,190,469,600,393,462,333,362,504,559,417,360,440,422,479,342,323,404,425,500,517,491,380,328,404,416,621,615,492,633,505,437,504,505,407,322,273,239,360,369,377,446,457,510,560,666,398,288,230,268,337,292,426,561,551,430,370,290,364,363,597,472,555,375,352,323,291,626,604,404,250,196,181,169,218,249,264,287,354,327,386,548,689,627,567,1002,428,327,530,1275,572
경상남도,under_50,234,314,401,585,591,364,438,577,682,591,570,328,342,464,684,500,648,559,624,714,563,554,550,650,967,804,900,603,567,735,655,890,876,687,648,654,524,534,713,539,419,363,401,581,541,415,473,466,573,506,912,472,415,311,417,527,670,412,394,440,1070,294,336,282,231,374,245,319,279,399,204,245,351,285,337,345,390,247,272,324,237,248,225,216,233,222,369,549,449,439,430,323,322,384,821,472
경상남도,50_60,534,673,1064,928,833,712,928,1196,1318,1178,1106,783,806,1006,1381,1147,1039,1046,1225,1471,1188,1036,1004,1051,1586,1375,1456,1067,1023,1297,1081,1778,1453,1185,1396,1115,1049,1001,1316,1065,886,818,765,1152,933,845,937,963,998,1096,1251,1026,768,632,886,1116,742,830,850,823,960,701,588,626,534,795,586,862,611,616,566,522,533,540,767,604,460,588,644,777,643,645,610,629,639,682,1066,1304,940,778,1012,722,743,867,1312,842
경상남도,60_85,729,951,1367,1290,1154,964,1184,1634,1666,1545,1612,1016,1061,1393,2067,1557,1611,1311,1677,2055,1744,1511,1493,1523,1656,2011,2159,1657,1506,1808,1622,2455,2037,1620,1755,1563,1399,1561,2186,1538,1182,1137,1054,1635,1367,1208,1183,1311,1408,1505,1725,1930,1099,1005,1225,1475,1081,1202,1310,1121,1150,1104,944,1077,1003,1095,944,1294,995,999,861,749,854,975,1346,1172,942,1061,1064,1510,1137,1166,1147,1193,1357,1317,2171,2435,2031,1624,1855,1319,1320,1787,2939,1841
경상남도,85_100,16,7,21,33,24,28,26,41,34,48,33,22,22,27,67,45,45,57,43,38,50,46,40,49,47,54,53,43,33,48,36,70,55,48,60,38,32,38,39,28,22,19,23,31,27,25,25,23,27,27,45,42,34,24,26,28,23,28,30,37,27,31,16,28,19,30,24,32,13,89,9,21,14,15,20,26,18,17,20,27,20,18,15,34,68,31,60,86,56,36,55,35,30,41,59,43
경상남도,100_135,72,121,251,208,159,192,190,248,232,246,216,146,148,217,307,261,229,233,274,335,272,234,219,219,283,348,395,277,277,321,282,404,382,296,272,249,220,296,323,260,210,166,176,196,206,166,189,200,185,191,270,236,168,110,147,166,140,171,129,153,142,158,122,135,115,142,109,139,128,102,97,91,86,97,146,125,113,140,135,137,123,161,135,175,167,148,309,431,288,252,284,177,183,237,507,275
경상남도,135_over,38,47,64,57,52,26,35,51,69,59,62,29,43,52,89,56,67,83,93,70,75,79,74,87,73,88,81,52,65,77,57,75,75,58,74,68,38,69,89,52,44,45,34,63,43,52,49,31,50,47,57,43,40,36,38,32,25,35,33,33,34,37,29,51,23,32,23,35,26,26,25,22,20,26,42,23,16,18,14,36,25,29,24,32,28,25,51,64,58,54,68,49,35,60,126,90
경상북도,under_50,313,353,404,395,337,324,397,475,551,492,512,410,295,322,400,369,398,394,461,506,450,429,388,385,428,518,509,474,359,474,410,683,557,465,444,479,413,486,437,361,288,284,273,383,323,375,308,277,355,271,296,471,280,208,301,292,290,259,344,288,290,286,209,360,208,265,229,280,203,240,270,258,234,213,242,223,165,187,207,239,269,223,207,201,216,249,292,329,283,245,341,272,317,535,493,347
경상북도,50_60,558,653,839,789,757,684,784,952,1051,990,945,636,563,692,913,824,768,699,790,984,746,672,676,702,675,896,977,782,687,935,751,1142,931,753,749,723,695,687,791,573,455,508,520,695,568,537,656,648,572,525,661,573,508,442,660,659,483,589,615,584,607,604,675,554,447,561,471,715,561,508,485,424,496,443,638,396,501,473,480,598,575,499,592,628,507,521,654,670,657,603,714,563,560,846,921,664
경상북도,60_85,661,784,1071,987,1090,728,898,1121,1221,1092,1050,637,761,816,1104,876,805,763,887,1056,855,780,815,782,806,1036,1035,852,738,1020,850,1255,1101,867,910,730,661,754,876,618,544,474,549,710,617,511,711,841,705,603,795,706,658,538,697,777,650,717,801,802,835,822,728,741,757,759,710,918,668,685,766,588,646,674,825,661,614,660,614,812,767,906,835,886,833,921,1301,1273,1268,1144,1384,938,1015,1690,1996,1173
경상북도,85_100,19,20,21,24,25,20,13,18,26,21,28,20,14,20,21,20,11,17,16,19,21,18,11,17,16,20,20,22,16,13,17,19,23,17,16,16,20,11,12,10,22,11,6,7,14,10,5,9,14,17,15,16,12,14,14,10,10,9,22,12,8,13,17,10,14,20,13,21,12,7,7,9,13,7,14,10,2,10,9,11,14,9,15,16,16,24,29,34,19,26,25,15,25,40,56,22
경상북도,100_135,167,215,292,260,237,153,198,224,227,289,291,110,168,228,255,240,255,169,167,223,188,152,136,134,142,206,191,148,142,181,133,228,177,111,157,123,122,115,127,87,94,65,68,96,67,57,84,84,68,75,110,79,76,70,72,95,84,85,87,109,118,139,98,108,85,104,81,118,77,66,75,63,83,86,86,82,69,74,62,84,64,81,88,89,116,130,233,177,143,147,199,108,146,230,309,191
경상북도,135_over,63,62,74,64,60,38,34,47,58,65,74,25,41,44,64,88,113,52,42,54,51,51,44,71,63,52,67,78,39,46,41,81,56,38,40,37,22,20,30,21,45,23,17,21,23,27,20,30,28,30,29,31,23,18,21,27,24,18,22,23,34,30,23,22,21,13,13,20,14,19,17,15,18,19,23,16,14,14,16,16,26,20,16,22,12,25,40,31,30,28,26,19,20,51,68,36
광주광역시,under_50,126,141,197,226,216,146,195,210,210,229,227,110,150,153,227,199,239,192,241,242,243,210,526,634,334,329,302,217,252,375,400,514,400,335,309,302,313,252,345,307,293,233,251,281,258,223,332,393,319,290,303,289,281,222,327,250,207,263,262,225,273,328,233,316,224,213,213,296,200,240,221,282,255,320,298,234,195,230,219,202,184,183,262,201,267,167,238,206,244,283,213,203,177,183,311,223
광주광역시,50_60,450,539,678,661,561,511,585,778,754,693,692,427,487,519,748,622,616,589,687,716,664,533,521,585,602,678,684,599,588,851,688,1060,825,592,584,580,563,539,683,568,453,385,456,558,549,493,570,625,686,641,804,634,586,445,623,580,547,591,598,599,532,628,471,564,529,655,541,819,640,598,600,604,685,724,824,562,483,536,492,510,441,448,490,494,525,514,640,564,614,560,661,567,458,547,608,521
광주광역시,60_85,482,582,862,780,676,595,771,922,849,909,971,547,616,639,1056,922,961,857,994,964,807,732,768,960,899,1083,1162,960,814,996,855,1058,787,627,649,634,649,638,837,728,576,463,514,691,633,610,696,782,818,854,1070,845,687,633,834,897,753,861,976,852,822,929,821,1002,834,966,875,1329,876,959,946,874,1218,1289,1139,736,634,679,579,648,579,597,751,721,750,885,964,1123,1049,897,1143,803,712,843,1192,893
광주광역시,85_100,23,32,35,44,31,22,27,43,40,41,45,26,22,27,36,29,35,27,48,39,46,22,30,29,35,44,46,35,37,35,33,49,42,24,28,27,22,22,25,20,28,21,10,27,19,26,27,24,29,44,41,27,26,24,26,40,20,33,33,21,35,27,25,23,22,33,20,43,34,47,26,18,33,47,37,33,26,34,34,28,29,30,23,28,36,41,42,35,35,45,48,29,24,29,42,20
광주광역시,100_135,82,125,161,178,155,96,156,202,146,170,164,89,102,148,162,159,198,160,171,188,153,137,157,167,149,224,184,190,185,202,165,206,148,115,126,125,114,131,140,121,111,91,101,124,95,106,112,125,121,135,172,153,137,123,150,140,106,136,165,139,155,190,154,193,146,171,153,201,127,158,160,144,206,178,170,112,72,81,74,91,79,85,78,98,90,101,134,162,141,138,158,117,86,134,221,138
광주광역시,135_over,41,64,79,67,93,43,65,51,52,60,64,42,43,51,53,59,57,57,74,71,53,49,55,57,52,75,83,73,54,57,74,72,43,46,49,50,50,56,51,43,44,39,40,39,32,34,43,37,42,50,75,42,51,37,40,59,48,48,40,51,38,68,46,55,57,51,60,58,58,56,52,49,64,59,37,28,20,20,21,20,25,21,23,34,21,29,28,43,45,31,28,19,33,42,49,36
대구광역시,under_50,227,251,383,330,265,276,308,418,391,386,327,214,232,289,356,279,284,265,379,348,307,272,241,286,306,409,429,307,259,396,353,519,465,371,409,608,260,266,315,181,141,103,136,177,216,196,192,171,214,197,247,183,219,156,213,245,228,226,300,339,281,204,252,256,242,255,268,347,246,287,255,204,279,273,263,302,179,191,230,240,261,240,210,228,218,224,293,346,331,286,324,200,327,355,375,272
대구광역시,50_60,576,724,956,770,604,692,841,1102,1177,1026,878,520,627,799,928,700,680,621,782,837,648,651,651,716,897,1035,987,662,632,843,707,1227,1119,816,860,861,600,583,665,392,265,249,277,423,453,430,449,477,524,535,764,544,473,393,596,622,603,711,996,1026,974,777,602,660,616,754,731,1042,689,730,1632,565,755,801,833,608,495,488,503,599,634,641,677,737,703,715,886,933,931,787,848,1276,646,843,1169,834
대구광역시,60_85,967,1289,1731,1465,1043,1133,1237,1645,1956,1760,1388,867,1000,1311,1534,1154,1026,1062,1179,1284,1045,905,882,944,1252,1438,1400,1140,1007,1257,1178,1857,1522,1238,1305,1261,802,842,885,518,349,305,366,529,547,489,664,642,772,938,1246,888,675,561,850,930,854,1104,1636,2091,1907,1382,1201,1230,1120,1371,1333,1783,1177,1210,1151,916,1232,1467,1425,994,726,810,741,983,941,1047,1112,1298,1210,1138,1674,1847,1708,1476,1563,682,1101,1366,2017,1666
대구광역시,85_100,15,21,27,26,18,16,15,24,25,29,18,9,16,24,24,26,14,18,24,23,14,13,14,23,15,27,15,24,21,30,18,33,16,20,13,26,5,19,13,9,8,16,20,6,11,7,17,13,10,15,33,10,18,9,13,26,13,31,44,44,47,34,18,16,26,28,38,42,21,23,26,17,26,27,35,21,22,12,10,15,24,20,20,30,27,25,42,40,37,50,35,15,27,37,57,50
대구광역시,100_135,594,749,894,683,584,461,488,594,718,673,731,317,417,612,671,589,626,448,476,493,380,378,378,418,500,569,588,424,363,447,411,594,516,406,459,484,298,320,315,162,105,94,105,141,136,128,164,191,242,298,399,251,189,147,207,266,240,314,481,680,583,433,301,301,308,349,376,516,295,281,282,218,342,387,351,225,179,164,156,185,230,225,234,248,274,265,434,440,415,319,308,147,226,357,533,430
대구광역시,135_over,136,225,292,225,425,164,140,262,242,222,240,101,107,197,259,215,213,175,171,259,180,138,125,133,164,182,176,124,103,123,101,150,187,131,163,134,84,85,91,54,33,20,30,44,33,36,40,47,62,95,92,79,45,33,62,70,73,108,119,168,126,112,76,74,80,89,100,100,72,74,60,53,77,97,79,47,29,36,34,42,42,30,56,42,50,52,70,69,79,51,51,31,32,62,93,86
대전광역시,under_50,118,172,249,274,221,186,302,269,331,315,310,192,222,211,255,718,277,321,349,321,222,208,246,230,238,319,264,234,263,347,251,464,316,265,293,276,242,277,320,297,306,223,277,318,292,283,268,291,310,350,364,303,251,212,299,377,290,280,296,246,442,376,221,238,205,250,224,244,151,166,206,158,159,189,209,158,213,191,165,195,176,255,189,226,216,262,288,357,436,293,376,400,297,346,519,247
대전광역시,50_60,197,252,322,305,270,254,304,404,334,438,376,262,326,366,460,297,329,366,426,459,301,297,266,317,375,382,414,286,303,331,293,508,389,384,366,378,332,313,364,310,288,326,263,357,357,280,382,368,410,393,662,379,292,249,350,428,312,320,317,325,349,336,286,298,259,263,255,363,247,256,219,203,226,295,454,312,315,248,254,297,327,402,397,427,414,447,496,650,640,471,656,496,370,602,834,320
대전광역시,60_85,343,544,763,809,621,585,702,864,909,913,916,626,732,925,1139,925,857,873,921,986,787,713,665,704,753,911,1011,796,747,892,709,1007,937,774,726,848,699,800,1004,834,751,713,640,861,808,804,888,893,962,1115,1478,1019,796,707,860,909,704,717,850,748,764,933,722,819,779,854,730,1056,646,663,598,548,900,1241,1448,939,681,680,638,769,858,963,1048,1265,1309,1317,1732,2004,1747,1218,1563,1049,841,1329,2043,586
대전광역시,85_100,10,23,39,44,42,31,27,36,43,54,47,21,36,55,58,56,61,52,47,54,24,33,42,38,36,34,42,51,33,36,25,37,44,41,36,39,44,31,54,34,43,39,35,49,41,34,43,61,52,52,83,53,38,29,43,51,25,36,40,31,29,48,38,41,40,28,40,46,37,31,28,31,40,53,56,57,41,57,39,35,46,56,54,52,74,82,94,94,68,44,53,42,27,41,67,20
대전광역시,100_135,69,125,177,158,147,106,160,163,186,156,213,105,112,195,287,246,212,249,197,190,175,157,154,184,220,231,287,225,209,243,184,224,192,179,156,181,177,182,236,220,206,199,142,190,188,178,184,275,221,255,356,299,234,180,225,202,173,189,201,236,209,237,196,228,250,215,189,221,146,161,177,177,230,278,352,230,153,160,172,227,244,298,260,327,348,348,447,436,343,188,272,173,140,264,477,106
대전광역시,135_over,26,24,32,23,33,19,24,27,37,41,39,20,17,43,54,56,61,58,56,72,45,47,39,36,96,97,52,45,42,31,31,48,43,40,32,37,32,29,47,42,39,31,40,35,36,24,51,34,48,46,69,49,45,35,52,53,30,31,32,42,33,47,43,49,36,50,38,38,32,36,44,34,58,46,79,64,27,31,32,36,47,65,63,71,78,78,87,83,73,54,50,47,36,46,83,16
부산광역시,under_50,269,342,471,517,363,316,337,576,591,656,558,314,349,422,560,484,569,442,985,612,577,700,539,592,587,643,745,683,540,641,575,997,880,796,764,874,602,639,956,721,711,514,624,857,860,720,876,874,832,1011,1085,886,617,508,818,851,818,808,755,587,522,503,498,505,392,469,408,544,351,444,358,277,460,320,410,302,459,330,350,354,381,431,374,378,367,418,504,772,838,449,589,454,542,613,1183,556
부산광역시,50_60,443,609,834,819,639,563,750,1162,1200,1164,1017,637,692,953,1255,965,863,786,1014,1260,1007,876,849,900,1034,1223,1334,932,869,1111,885,1706,1505,1270,1251,1161,1034,1172,1468,1005,703,644,692,1042,1116,1033,1230,1280,1408,1292,1480,983,678,595,830,982,854,918,1004,794,629,612,555,703,452,809,610,793,502,553,485,403,476,446,540,439,395,391,369,475,487,466,444,588,618,580,918,1720,1054,728,882,631,717,867,1595,923
부산광역시,60_85,710,927,1401,1281,1060,944,1086,1785,1949,1846,1681,990,1139,1534,2313,1730,1579,1425,1893,2483,1879,1664,1589,1644,1866,2352,2441,1877,1868,2116,1812,3128,2717,2319,2288,2232,1895,2081,2678,1979,1338,1149,1331,2015,1884,1761,2131,2184,2244,2472,3038,1969,1430,1007,1395,1620,1576,1611,1792,1483,1153,1091,1021,1131,917,1090,1018,1321,911,930,754,697,776,911,1020,807,688,776,764,892,897,869,891,1025,1163,1174,1933,3873,2230,1524,1961,1352,1487,1872,4016,2390
부산광역시,85_100,17,25,30,43,31,20,32,47,49,48,60,27,24,39,45,48,37,42,44,58,49,30,47,56,65,76,74,64,55,71,58,92,79,66,74,66,60,65,75,68,43,32,41,44,55,50,61,51,84,77,93,58,44,34,49,44,42,52,56,37,35,32,32,38,32,18,25,33,35,18,21,21,18,20,28,23,22,18,19,34,34,38,23,28,25,31,63,108,58,41,68,44,36,29,103,77
부산광역시,100_135,197,239,470,350,249,176,245,362,427,409,361,209,277,394,552,445,427,400,416,652,463,445,452,493,560,701,677,546,533,630,494,865,803,701,941,933,583,670,849,588,384,312,364,518,532,471,608,650,720,778,979,560,370,235,351,433,362,353,386,350,265,251,244,254,225,255,228,326,180,169,172,134,150,252,236,197,130,170,168,214,199,192,211,208,219,265,482,1161,547,318,424,294,279,417,1020,598
부산광역시,135_over,89,93,292,282,163,75,99,192,219,200,244,125,154,219,297,353,311,253,275,250,278,171,200,262,226,355,326,231,223,226,177,254,272,231,320,295,226,244,333,243,174,143,135,184,200,166,196,245,297,324,340,218,167,119,107,162,139,157,166,99,106,112,88,101,100,101,86,110,65,79,71,76,83,86,92,70,51,72,57,72,58,99,89,78,83,95,156,399,213,140,153,107,148,153,400,238
서울특별시,under_50,384,510,720,626,586,505,593,794,865,842,663,498,659,811,871,606,874,876,1226,945,693,640,690,870,1107,1340,1252,773,1021,1315,1318,1976,1692,1354,1364,1513,1175,1519,1495,954,635,746,827,1466,1461,1477,1672,1498,1255,1205,1321,716,544,553,806,1201,1193,1756,1586,1796,643,724,694,890,870,1311,1191,1317,580,622,625,831,1811,994,540,347,381,408,289,416,483,605,941,1025,775,817,1344,1298,1565,1028,1358,850,595,926,1995,1089
서울특별시,50_60,584,814,1210,1054,905,834,1112,1697,1838,1645,1305,915,1545,2015,2074,1384,1594,1853,2345,2069,1388,1233,1274,1605,2186,2418,2050,1473,1559,2608,2629,3845,2781,2456,2614,2698,2149,2157,2407,1589,1107,1215,1380,2138,2526,2516,3147,2742,2484,2484,2778,1324,956,895,1407,2107,2294,3414,3063,3406,1175,1615,1522,1836,2070,2892,2149,2198,1054,1208,1334,1678,3515,1643,743,423,375,390,352,542,736,1106,1764,2382,1838,1786,2999,3106,2527,1877,2268,1182,748,1356,4294,1883
서울특별시,60_85,914,1469,2116,1824,1571,1480,1977,2883,2999,2800,2223,1387,2361,3337,3519,2316,2942,3165,3821,3610,2396,2040,2318,2750,3957,4267,3586,2522,2664,4115,4370,7144,5254,4613,4871,4914,3872,4332,4654,3144,2094,2134,2278,3791,4484,4713,5899,5352,5041,5241,5562,2559,1804,1547,2433,3627,4086,6753,5625,6582,2235,3049,2789,3509,3609,5358,3887,3969,1955,1989,2255,3075,6577,3102,1359,673,556,608,570,890,1248,1779,2894,3710,2827,3064,5036,5020,3946,2695,3474,1760,1182,2239,6608,2969
서울특별시,85_100,30,72,102,90,64,62,93,150,132,103,81,52,74,129,119,117,137,168,180,142,104,99,100,140,178,180,155,90,121,207,187,281,228,158,193,221,164,210,222,160,104,95,75,163,239,240,283,226,259,255,227,111,88,73,104,207,241,372,271,360,108,150,132,201,172,285,167,164,87,74,97,127,290,139,46,29,24,40,30,55,77,118,169,190,116,148,209,182,140,84,114,64,43,98,246,106
서울특별시,100_135,244,350,566,568,474,385,511,749,647,732,635,316,548,802,886,636,759,870,986,961,603,611,687,818,1223,1261,1028,790,703,1067,1036,1779,1462,1193,1324,1322,1053,1246,1394,991,679,552,583,991,1326,1408,1702,1590,1525,1634,1756,806,589,499,731,1077,1157,1962,1816,2217,702,1001,894,1253,1325,2007,1356,1339,586,608,725,1005,2135,967,398,205,178,187,151,251,310,543,816,1089,774,872,1503,1440,1094,643,864,440,342,646,1892,892
서울특별시,135_over,66,173,204,186,157,168,194,286,235,228,226,142,128,192,263,212,244,318,319,302,243,190,205,280,322,363,298,289,228,298,298,517,433,398,373,388,298,363,438,361,250,247,220,347,431,499,585,421,456,506,530,249,233,172,249,384,409,596,487,585,249,319,283,450,495,711,418,422,225,198,204,311,638,358,174,98,77,90,62,120,186,250,334,419,276,334,485,441,330,154,191,109,116,272,544,192
세종특별자치시,under_50,31,22,31,32,35,37,11,25,19,23,33,26,19,20,28,16,25,33,41,33,33,10,19,16,22,16,23,16,28,23,25,50,40,51,40,25,24,30,43,34,34,17,28,120,38,36,42,35,50,40,94,51,38,46,68,54,47,38,59,36,42,35,33,29,31,49,36,46,29,34,19,21,15,24,21,24,68,38,15,33,21,30,21,22,33,28,54,34,48,53,70,57,42,83,99,85
세종특별자치시,50_60,20,20,28,22,16,29,27,24,29,29,35,9,15,23,23,22,17,23,37,26,31,21,13,22,17,32,32,15,26,30,28,42,31,41,29,31,32,35,40,28,34,51,26,56,42,55,93,67,79,63,99,67,57,49,57,67,69,92,128,83,47,43,24,37,48,53,84,117,49,88,47,36,37,53,42,47,62,41,43,45,50,40,51,49,70,54,100,222,431,252,277,105,81,133,340,233
세종특별자치시,60_85,18,49,64,30,20,31,31,42,32,36,33,24,27,39,42,31,24,42,36,34,35,30,32,25,34,42,66,37,38,64,44,80,72,60,63,84,66,74,102,84,78,73,74,85,116,90,129,132,176,174,205,171,130,108,150,148,168,266,421,316,119,76,89,96,677,125,181,212,133,138,124,84,111,132,142,121,162,147,117,88,103,128,111,143,147,150,222,466,1044,573,483,188,151,266,668,382
세종특별자치시,85_100,0,0,0,0,0,0,0,0,1,1,0,0,0,1,2,0,3,2,1,0,1,0,1,3,1,1,3,0,2,1,4,3,3,9,4,6,3,9,11,5,6,2,9,9,12,9,12,14,17,15,28,26,13,12,14,13,9,24,58,43,13,10,15,9,8,14,13,29,15,21,13,9,14,20,15,20,23,24,21,8,18,14,16,34,32,35,51,124,191,81,71,16,16,32,103,63
세종특별자치시,100_135,11,14,15,7,9,7,8,7,10,8,14,15,10,14,18,15,12,14,13,17,8,6,10,8,11,10,13,14,8,12,11,13,18,23,22,19,22,20,27,24,26,20,21,40,38,18,26,30,36,31,76,45,37,25,35,44,43,55,112,74,26,26,20,24,24,27,30,70,37,46,32,26,31,38,35,32,31,33,18,22,28,31,27,44,45,51,64,144,265,104,125,56,46,78,169,98
세종특별자치시,135_over,4,7,13,16,12,1,4,0,5,7,0,0,2,5,0,3,1,2,2,5,1,1,3,2,0,2,1,2,0,4,3,2,6,2,9,4,1,3,1,4,2,3,3,6,1,3,3,2,3,1,5,5,2,1,3,3,2,5,5,5,4,2,2,4,1,5,2,5,0,3,2,0,1,1,1,2,1,1,3,0,0,0,6,1,2,1,3,3,3,3,7,7,2,4,9,11
울산광역시,under_50,98,105,174,122,110,132,154,207,193,207,187,121,145,156,187,174,158,173,206,306,223,182,423,305,184,200,258,198,186,231,153,273,259,260,259,269,203,211,247,211,159,138,160,208,161,137,126,149,150,114,156,145,205,134,144,139,98,133,149,127,101,81,88,78,57,91,78,87,68,62,45,43,43,43,70,117,67,82,80,88,88,87,82,70,65,63,139,155,144,79,117,85,81,101,162,97
울산광역시,50_60,237,317,388,316,308,313,345,446,487,507,528,309,351,423,602,429,471,421,453,683,566,439,486,642,467,544,589,430,400,484,400,678,564,574,538,501,395,445,475,419,305,280,314,478,372,358,312,373,312,297,381,311,275,252,264,326,282,314,348,328,289,275,207,224,188,198,171,229,157,222,192,143,170,166,202,184,149,194,213,285,267,226,215,228,205,251,484,448,419,268,352,204,221,303,531,343
울산광역시,60_85,441,499,752,649,531,452,526,812,802,778,704,500,594,696,943,711,705,694,831,1103,941,835,843,830,797,1071,1134,833,706,886,718,1080,1007,979,921,845,637,765,884,689,579,502,536,689,681,485,566,510,508,507,708,583,581,386,459,516,454,503,550,467,510,532,428,478,357,407,341,496,343,300,352,313,329,316,450,341,333,385,439,508,475,446,511,581,564,673,1246,1152,902,782,910,480,537,822,1434,919
울산광역시,85_100,5,6,19,10,13,15,13,35,48,34,19,17,11,21,13,8,8,10,5,6,9,15,11,8,6,8,16,12,11,12,12,21,22,17,19,6,12,12,19,7,7,10,6,7,9,2,8,7,9,4,11,10,11,3,10,10,6,6,8,8,8,4,9,11,10,7,5,4,6,3,6,5,5,3,7,3,11,19,5,9,6,9,10,23,12,21,38,35,25,21,18,9,7,16,30,23
울산광역시,100_135,195,254,194,158,111,93,138,208,240,230,223,90,113,174,270,141,166,139,154,188,181,200,318,328,246,229,238,214,129,155,167,191,166,171,167,165,110,145,157,160,103,70,90,84,102,49,76,70,72,106,131,104,89,53,70,77,64,64,100,76,73,92,75,72,68,65,36,81,54,35,44,38,43,52,42,43,44,44,53,58,53,59,68,95,89,118,256,221,144,109,158,80,73,135,259,170
울산광역시,135_over,38,59,55,50,56,41,96,95,66,106,87,32,33,41,63,48,100,48,36,109,76,69,55,63,63,57,111,81,80,44,48,78,80,53,62,38,32,46,60,49,37,24,26,37,33,17,25,22,26,35,30,30,25,19,24,19,16,18,29,22,20,31,19,28,25,16,23,26,16,18,13,7,8,9,23,16,13,10,22,17,18,20,15,22,20,25,56,80,54,30,51,21,37,46,88,67
인천광역시,under_50,226,278,318,311,327,254,317,475,481,458,376,259,380,439,444,307,332,389,602,630,456,439,455,490,621,678,624,447,413,544,546,1034,815,683,734,705,622,682,792,517,381,438,466,752,710,723,741,811,712,754,728,463,368,317,507,677,682,674,749,666,567,571,481,453,383,445,410,575,468,429,408,361,442,480,480,338,321,374,358,403,419,414,412,407,372,365,493,514,542,476,956,788,667,871,1194,481
인천광역시,50_60,374,528,610,532,418,444,627,958,1030,999,801,598,884,1076,1043,632,702,827,1091,1171,818,816,817,860,1226,1106,1012,756,714,1142,1031,1788,1340,1136,1135,1116,1060,1087,1165,816,696,676,699,1160,1127,1069,1182,1239,1195,1170,1287,724,508,520,705,944,891,1011,1170,1031,861,906,741,711,558,672,619,933,594,613,610,548,718,865,862,526,549,532,457,695,648,645,663,679,749,644,943,937,1003,986,2046,1438,1078,1302,1745,718
인천광역시,60_85,496,739,1033,909,668,639,978,1451,1452,1443,1174,818,1227,1486,1626,961,996,1190,1552,1694,1203,1008,1077,1198,1586,1706,1565,1212,985,1640,1637,2716,1979,1594,1626,1655,1578,1474,1671,1046,769,762,820,1308,1321,1384,1682,1663,1742,1971,1967,1017,786,662,946,1236,1153,1296,1514,1456,1365,1344,1108,973,798,934,866,1253,918,856,834,872,1091,1386,1389,798,799,841,815,985,947,918,1003,1171,1281,1194,1675,1764,1848,1871,4013,2229,1629,1942,2733,1000
인천광역시,85_100,21,33,49,46,54,34,52,95,69,68,60,37,45,49,61,37,68,71,78,71,42,112,38,50,184,120,130,93,77,101,86,137,94,63,75,63,57,53,80,91,44,30,33,59,69,69,84,85,89,97,129,79,79,48,76,75,67,88,73,73,78,66,49,49,37,62,33,68,44,42,45,39,54,87,64,47,33,31,34,43,40,54,45,62,56,63,113,121,136,123,265,147,87,136,169,39
인천광역시,100_135,98,293,274,299,306,199,243,387,438,512,445,275,328,467,525,288,360,384,402,452,317,406,363,630,860,875,1051,567,422,450,497,746,634,415,430,479,441,512,659,427,354,344,248,357,466,408,478,485,453,515,595,355,305,228,317,344,350,362,545,406,445,482,333,335,259,311,258,401,233,266,266,262,358,483,476,254,220,243,198,251,247,246,282,371,345,389,560,614,717,726,1339,592,412,565,781,221
인천광역시,135_over,28,64,62,60,61,33,63,84,70,81,71,36,52,68,79,43,57,49,63,102,57,77,44,59,90,102,98,88,114,113,93,121,115,83,77,86,104,107,120,83,57,80,54,90,77,82,78,81,84,79,102,67,58,46,49,65,64,79,89,80,68,68,56,71,53,66,55,83,49,52,47,51,60,68,79,64,42,44,30,63,54,52,61,80,58,81,104,117,109,119,236,142,99,123,168,38
전라남도,under_50,193,156,199,216,213,149,149,172,168,153,182,121,151,140,204,148,186,162,206,230,175,166,168,158,190,167,196,170,212,264,213,248,288,218,240,236,215,180,347,350,252,179,370,361,345,242,290,280,409,483,410,232,219,197,238,429,207,236,340,280,238,233,203,239,228,239,200,326,238,293,210,205,207,170,238,225,205,229,256,293,229,178,215,201,227,197,231,260,353,229,299,291,396,349,427,310
전라남도,50_60,503,334,376,483,428,308,384,461,644,431,452,264,360,325,391,345,394,323,429,421,367,422,385,375,360,448,491,451,362,483,349,602,554,518,500,437,515,740,596,583,562,532,426,624,489,420,479,478,664,606,887,754,487,421,534,554,549,500,626,461,461,514,441,474,404,430,370,604,584,399,430,409,406,394,540,441,431,625,470,565,428,463,346,418,414,381,449,432,464,416,610,496,488,562,819,518
전라남도,60_85,459,362,481,511,508,543,594,532,593,498,612,328,383,397,554,478,524,433,517,494,522,458,424,667,560,652,820,671,558,627,529,795,676,780,827,657,617,604,690,577,610,579,536,719,692,502,623,617,721,659,770,630,549,553,651,688,613,691,728,655,604,1708,514,1110,578,682,629,712,577,773,626,564,543,572,754,993,549,774,612,761,608,556,481,560,536,525,681,616,613,598,850,706,665,727,922,786
전라남도,85_100,5,5,6,11,4,1,2,2,11,5,6,4,1,5,5,7,9,9,8,8,5,4,2,4,2,8,4,4,4,7,8,4,7,7,9,10,9,8,12,8,12,4,4,8,12,4,9,6,2,4,8,7,3,8,17,5,2,7,3,6,5,9,7,5,6,8,2,9,5,9,6,4,3,4,7,15,2,5,7,6,9,12,7,4,6,8,15,4,5,3,2,7,4,7,20,16
전라남도,100_135,54,43,46,56,55,41,49,59,51,52,51,23,26,54,49,40,54,36,57,46,55,46,45,42,45,55,62,49,51,92,75,94,121,111,93,106,66,94,92,90,79,64,57,87,91,68,72,77,112,63,106,69,74,52,73,67,41,65,56,59,70,80,65,66,62,81,58,68,51,58,55,38,49,60,69,64,51,54,49,57,44,52,57,64,44,63,75,52,75,59,93,60,81,82,104,78
전라남도,135_over,16,7,11,17,16,14,13,17,9,18,7,5,4,8,11,8,9,13,11,16,8,13,14,16,16,24,24,22,14,16,11,22,24,21,25,17,18,24,31,17,15,15,14,16,27,16,11,21,26,16,26,21,19,11,11,21,15,14,15,12,15,25,13,17,13,15,12,13,9,16,10,11,7,14,17,11,13,14,14,13,16,14,12,14,16,8,11,12,24,10,21,16,20,19,19,22
전라북도,under_50,174,166,240,237,306,199,216,298,261,259,313,181,185,205,246,224,280,225,288,376,281,249,211,252,241,310,313,260,281,325,248,423,377,322,390,344,293,323,322,298,293,296,343,486,419,290,339,362,391,399,434,319,295,246,393,415,412,386,367,336,312,253,258,276,234,291,258,296,226,315,215,227,216,216,275,202,168,227,237,216,226,216,210,308,195,176,241,264,296,199,288,290,260,322,348,302
전라북도,50_60,434,390,644,604,610,489,462,626,633,566,610,347,434,483,680,547,488,507,616,618,519,582,473,513,533,685,735,636,493,659,520,865,770,693,736,638,634,620,696,611,579,544,625,694,675,585,601,558,667,658,784,536,520,472,584,725,629,623,650,554,584,522,508,531,483,535,534,608,486,447,1596,440,419,391,507,380,411,485,444,500,425,576,388,535,423,465,583,608,710,526,706,585,566,692,871,638
전라북도,60_85,254,315,491,485,951,366,503,681,573,612,669,386,440,515,677,526,529,587,636,676,538,509,769,564,609,713,787,629,553,757,679,900,787,757,804,695,649,682,762,786,596,619,713,894,751,641,644,629,705,718,874,711,702,515,660,719,624,676,692,590,610,677,622,637,543,626,528,694,501,498,516,635,494,509,621,521,477,519,472,654,545,561,502,926,586,617,765,815,1046,843,1088,877,778,991,1349,847
전라북도,85_100,11,14,21,11,11,7,7,8,20,26,15,15,11,18,31,25,45,18,24,27,20,15,10,13,10,17,19,20,20,26,26,22,17,14,19,21,16,18,27,19,11,20,12,13,23,22,14,16,17,27,21,14,19,13,15,19,15,17,16,20,13,17,16,20,18,16,17,14,12,13,7,8,12,8,16,14,18,16,16,16,11,9,11,18,18,15,29,23,22,23,30,20,31,27,33,29
전라북도,100_135,48,58,77,83,53,59,68,74,81,91,114,54,60,84,113,104,85,89,114,104,101,63,99,91,96,134,125,125,108,131,111,160,133,126,130,105,118,129,142,117,90,108,99,129,101,99,103,92,121,117,169,126,98,78,108,107,104,80,102,96,102,113,117,105,96,121,74,98,93,86,80,82,94,112,125,91,102,82,85,82,73,63,76,81,90,102,116,178,213,150,169,121,132,149,228,163
전라북도,135_over,12,16,30,25,18,11,15,20,25,26,36,9,11,17,35,19,19,18,32,34,19,24,20,19,28,32,26,18,28,29,23,34,28,25,21,37,36,22,38,34,26,24,28,32,34,32,27,25,27,24,32,29,21,16,29,32,24,25,23,28,25,38,22,23,28,32,15,33,19,27,19,22,12,22,16,24,27,16,20,25,20,15,19,20,18,30,28,28,35,31,31,30,32,33,43,30
제주특별자치도,under_50,108,126,66,75,197,106,98,88,90,67,111,46,82,58,199,167,123,105,93,87,73,56,101,103,89,120,131,75,98,115,58,74,107,61,55,58,57,52,76,105,103,88,54,138,64,56,63,81,61,73,90,76,62,116,52,51,76,63,51,59,44,61,48,67,50,46,41,62,75,39,47,46,45,40,65,48,73,39,35,46,43,36,57,56,36,37,45,74,62,100,62,40,33,43,129,44
제주특별자치도,50_60,36,43,103,103,80,42,43,34,44,36,52,27,27,42,54,62,104,66,56,59,49,27,33,42,56,102,72,51,77,61,33,39,32,23,48,39,28,32,33,34,61,41,43,36,32,22,32,49,39,41,57,59,40,41,36,34,39,23,31,20,26,29,35,26,44,34,23,46,33,66,26,20,26,25,34,36,27,32,17,29,33,24,29,20,21,28,31,32,38,26,24,32,22,27,32,28
제주특별자치도,60_85,85,101,124,167,319,151,218,177,205,178,246,103,107,129,198,197,307,207,165,155,144,111,144,188,241,204,216,169,276,333,200,162,127,120,116,89,92,114,157,155,190,291,187,178,110,132,163,159,142,176,151,204,136,105,94,77,67,68,109,84,87,105,100,137,160,126,96,109,83,145,105,84,94,90,137,141,138,99,60,93,92,72,73,107,109,92,143,156,154,145,133,110,83,105,146,130
제주특별자치도,85_100,0,3,0,3,2,7,2,3,0,2,4,2,3,1,1,5,7,2,3,7,3,2,0,5,3,11,4,2,4,5,4,3,0,3,1,2,2,0,1,3,2,4,0,4,2,1,3,4,6,2,4,6,1,1,4,0,8,1,1,1,2,1,2,7,0,2,0,3,4,2,2,2,1,2,1,1,3,0,2,1,1,0,3,3,0,1,3,4,2,4,0,3,2,4,0,4
제주특별자치도,100_135,7,15,10,15,15,11,9,15,14,14,14,2,16,7,19,24,26,22,25,19,11,13,12,21,23,12,27,19,18,26,14,20,18,13,17,25,16,7,15,23,15,15,7,14,8,5,6,12,12,11,11,13,12,14,9,5,5,5,14,17,12,9,18,19,19,9,11,11,6,5,12,11,7,6,11,5,18,11,6,7,10,7,13,12,9,8,18,9,12,6,19,10,12,10,13,19
제주특별자치도,135_over,5,5,6,4,5,4,2,3,4,3,9,5,6,4,4,11,3,6,1,3,5,9,6,4,5,7,8,7,4,10,3,9,7,5,2,1,2,7,5,7,8,4,3,1,4,5,2,7,4,5,4,1,3,0,0,2,9,4,2,4,3,2,3,1,5,2,2,2,7,4,2,1,2,0,5,3,1,2,1,1,3,2,1,2,1,4,0,3,4,2,4,3,1,3,1,3
충청남도,under_50,524,693,740,999,629,591,496,663,736,605,831,362,388,404,546,601,555,571,740,912,650,591,638,833,842,741,745,556,605,679,593,799,719,620,603,673,590,503,663,515,454,428,392,517,506,510,515,474,461,521,623,545,460,434,546,553,441,504,584,515,455,459,341,334,311,337,333,580,403,366,332,301,326,299,380,281,278,449,300,374,348,389,317,468,370,299,503,537,548,371,509,490,437,510,695,520
충청남도,50_60,395,533,619,546,437,420,483,621,598,578,630,428,427,477,636,547,522,500,625,681,560,550,532,530,561,571,563,492,709,522,416,656,545,535,663,685,491,591,577,500,368,320,352,457,423,388,393,373,445,428,500,362,307,299,430,454,387,409,582,404,387,405,369,414,373,406,393,562,416,399,400,336,353,387,531,364,318,340,352,492,437,403,425,456,483,430,523,695,732,511,624,518,552,656,1025,704
충청남도,60_85,677,806,1155,975,891,675,783,933,1032,987,912,615,757,886,1172,924,868,950,978,1014,897,786,711,771,856,972,980,757,684,837,717,1026,857,799,721,788,700,773,769,615,545,501,473,611,505,479,558,521,621,604,1053,620,506,428,567,620,511,620,760,646,702,696,541,716,596,650,624,867,651,611,627,613,554,642,808,738,558,697,647,910,715,712,749,837,897,936,1223,1455,1526,1165,1335,1052,968,1171,2041,1441
충청남도,85_100,12,27,35,36,20,28,23,39,37,58,45,24,30,23,41,31,51,25,25,32,19,24,30,23,26,36,30,32,31,27,21,32,26,20,26,14,16,19,22,9,11,11,5,12,12,13,24,14,12,16,21,16,10,10,14,11,14,14,19,28,16,22,21,15,16,29,16,23,24,20,31,19,21,29,46,28,11,22,29,30,17,25,19,23,34,40,52,109,75,37,42,19,28,54,91,47
충청남도,100_135,133,229,337,271,301,152,176,235,257,260,190,115,161,203,261,234,204,225,243,299,242,194,174,194,210,216,195,164,153,195,146,218,197,133,166,160,161,146,171,129,131,99,88,115,78,96,122,99,125,109,182,111,107,82,110,102,97,109,122,121,121,145,120,135,102,115,124,130,104,112,104,88,97,95,119,134,106,131,129,155,126,129,124,123,155,163,212,312,309,230,231,163,168,242,378,242
충청남도,135_over,33,46,57,88,115,38,32,28,23,62,70,22,36,34,34,48,54,36,50,46,56,62,37,37,45,61,50,61,37,41,27,49,41,37,36,38,37,36,69,67,41,19,21,28,23,23,26,23,24,22,34,25,25,18,26,20,20,26,23,28,29,23,39,24,32,21,14,18,21,16,22,29,27,28,32,29,20,26,19,41,18,30,24,23,32,32,44,56,84,43,66,38,49,51,88,57
충청북도,under_50,321,291,454,392,394,312,346,490,465,478,598,347,364,441,666,417,399,412,679,566,561,472,406,404,413,450,458,418,531,524,421,529,506,367,377,370,360,336,363,308,293,305,392,423,500,369,383,352,393,469,531,352,349,256,407,508,426,366,382,345,274,311,261,489,282,330,236,498,301,370,413,353,218,192,216,212,217,225,223,249,240,218,251,247,188,300,274,259,292,314,375,351,368,491,730,387
충청북도,50_60,394,419,450,464,403,427,470,690,601,614,703,434,487,550,746,469,422,449,569,653,539,530,522,493,459,550,544,444,380,523,429,645,555,466,466,487,445,435,518,381,334,343,365,525,586,426,403,425,527,445,543,402,371,320,426,549,644,557,530,530,456,470,418,381,330,395,342,524,406,374,341,300,307,374,462,313,286,292,303,382,377,440,337,426,391,450,499,494,593,503,630,498,522,929,875,448
충청북도,60_85,329,425,490,486,385,369,428,637,563,621,666,387,445,513,611,457,446,424,549,631,561,505,470,483,496,567,539,431,398,436,405,587,464,415,401,394,400,382,416,358,297,313,356,469,423,414,398,371,395,416,532,369,369,304,400,395,352,454,448,441,434,408,381,414,429,397,383,477,386,363,393,331,386,410,590,397,365,431,446,470,449,436,423,525,737,611,798,837,1360,800,1104,817,886,1898,1322,579
충청북도,85_100,8,18,28,10,12,12,15,20,25,26,15,9,17,16,17,17,17,24,35,39,18,25,26,24,31,26,24,21,14,22,17,33,24,17,14,14,17,8,20,12,7,17,7,21,17,7,10,14,11,25,21,8,12,9,11,9,9,17,18,16,13,14,7,15,8,15,10,20,6,11,10,7,13,8,7,13,4,6,7,15,10,10,6,9,18,14,46,77,68,34,33,17,29,68,43,11
충청북도,100_135,78,107,143,113,95,73,102,107,135,110,114,66,82,114,126,112,116,136,140,143,123,123,126,97,111,119,152,105,93,105,101,129,106,90,89,86,71,65,86,83,56,52,60,79,70,61,55,79,82,67,78,69,65,56,55,67,55,68,83,61,69,63,71,78,60,66,70,80,57,55,43,40,40,58,75,46,36,66,40,56,61,60,58,69,57,78,161,175,178,111,139,116,151,335,223,82
충청북도,135_over,8,13,34,235,115,56,37,46,39,25,38,28,21,29,20,30,35,42,27,38,27,29,26,29,38,34,42,32,30,39,36,41,26,29,25,27,13,28,20,24,28,19,20,29,22,17,23,24,21,26,27,28,15,13,18,22,12,14,22,22,17,18,17,17,19,27,15,20,15,20,11,16,17,12,25,13,14,25,18,14,12,12,12,16,12,21,44,85,60,25,39,26,32,82,59,21
